timestamp,pendulum_joint1_pos,pendulum_joint1_vel,pendulum_joint2_pos,pendulum_joint2_vel
1776714588.3490536,-0.03877523028243328,-9.575673587391975e-16,-0.3616512071056621,-8.881784197001252e-15
1776714588.3690436,-0.038776441689210864,-0.00043156287893819645,-0.36165508651622724,-0.0002957341500160471
1776714588.3890235,-0.03878551098607354,-0.0016142154235126022,-0.3616543418386463,0.000788150201204818
1776714588.4090793,-0.03885969296126991,-0.006223619201850036,-0.3616041813610302,0.004365238406808913
1776714588.4293447,-0.039037084074860465,-0.00825037864865015,-0.36146229657019174,0.007751204707610482
1776714588.4492826,-0.03904293543802996,0.006908927382930877,-0.3613573263534558,0.0018084086058174353
1776714588.4690464,-0.038916775550404244,0.007816163913803548,-0.36140912599386177,-0.008139609106931456
1776714588.489078,-0.03878639885164213,0.0035018316822523765,-0.36157762558752016,-0.009147672299827603
1776714588.5090773,-0.03879638703248785,-0.004033516958445241,-0.36161491195802403,0.005642272468323384
1776714588.5290666,-0.03903997159272065,-0.01851372866792242,-0.361424006457009,0.013127422911903386
1776714588.5490847,-0.03916263324027815,0.005423371095777604,-0.36123126999280647,0.0008821294046030825
1776714588.5690625,-0.03892040238779238,0.017561726549828807,-0.3613558562672672,-0.0119839883109778
1776714588.5891776,-0.038744799540680885,0.002012096826235321,-0.36156512731688556,-0.013546797815929157
1776714588.6091533,-0.03878254949534264,-0.006160874950873252,-0.3617385230335223,0.002234897527480628
1776714588.6296465,-0.03900041380501602,-0.010810044628937449,-0.36157527781595,0.010766001170795292
1776714588.6490486,-0.03911728474259826,-0.00011202579462744888,-0.36139789388989313,0.004014729859568522
1776714588.6690443,-0.03894108437282141,0.01631653092168321,-0.3614300503026918,-0.007476130235617662
1776714588.6895378,-0.038792358159410484,0.0030966060309218363,-0.3616253261381394,-0.011002182661430382
1776714588.7090974,-0.038808184585068364,-0.00785113238617835,-0.3617990665970414,-0.0021610539436029974
1776714588.7293835,-0.038988236388716055,-0.006766084913677847,-0.3616763763409494,0.014244045493653656
1776714588.7490528,-0.03914476728026542,-0.00881169953548587,-0.3614229190526028,0.008764390019903257
1776714588.7691984,-0.03911095779318646,0.011137404233439702,-0.36141117156958863,-0.008098616121927193
1776714588.7893584,-0.038944319568920506,0.011661652274966003,-0.36157030737997364,-0.011384332625341997
1776714588.8090565,-0.03887296078008325,-0.005888539439074622,-0.3617499100863554,-0.0048455578531902965
1776714588.8291917,-0.038962061485176176,-0.00311110641107655,-0.3616892643003834,0.009120486882409073
1776714588.8491707,-0.03910321235555885,-0.0073345890206366615,-0.36147426429361995,0.010759039755779964
1776714588.8690615,-0.03913780457162204,0.0013991619960475876,-0.36135693700526705,-0.0020198039290222347
1776714588.8890526,-0.03900921435985598,0.011606256109416707,-0.3614893761449579,-0.008969133532487739
1776714588.9091637,-0.03891550942325026,-0.002275919601640211,-0.36163823742774504,-0.007664085440436841
1776714588.929137,-0.039003460432739986,-0.0058740576873632655,-0.361649754539939,0.0067258901200024646
1776714588.9490976,-0.039129590459779706,-0.0021522882958407846,-0.36146720980451197,0.004557523422396681
1776714588.9690485,-0.039176052030178,-0.0019805151343853383,-0.36151008841451526,-0.011283370491520506
1776714588.9890447,-0.03910643972287965,0.008197105764255752,-0.36166182925987633,-0.0018546779938781732
1776714589.0091352,-0.03897584948656216,0.006282994349821103,-0.36168727883509094,0.005462910572323398
1776714589.0291312,-0.03896324487700099,-0.006086349429408472,-0.3615871039962401,0.00471333323129608
1776714589.0490348,-0.03909587690306863,-0.006629232375020749,-0.36146259764532307,0.005891189528873797
1776714589.0691235,-0.03928711459479784,-0.007853485911646946,-0.36143780684666355,-0.0034838532850378634
1776714589.0890508,-0.03926082356046226,0.006749193737600329,-0.36155002707109296,-0.004917796050940781
1776714589.1094089,-0.03908072223219125,0.016974677919618916,-0.3615846071752416,0.0015371702667268394
1776714589.1294348,-0.038935908963373685,-0.004257130353498589,-0.36152590152297626,0.004117558269590482
1776714589.1490452,-0.0391093705440164,-0.010777220277742167,-0.3614238184299047,0.004019807663864672
1776714589.169044,-0.039301029844030534,-0.0044772290837247625,-0.36139428756575187,0.000411774939028442
1776714589.1889946,-0.03930325764010221,0.0026806757525877356,-0.36140287511808705,-0.00289343659600938
1776714589.2097454,-0.03910249873933826,0.015562253955102148,-0.3614389728177805,0.00024400171935123893
1776714589.2290943,-0.0388658589614365,0.005906400502039666,-0.3614609807817656,-0.0018631587341804146
1776714589.2494946,-0.038894174193764126,-0.008162398331785142,-0.36154222171177963,-0.003524527905493846
1776714589.269081,-0.0390898978778916,-0.008682802221482669,-0.3615574728698406,0.0016734504886311008
1776714589.2894218,-0.039213658328960954,-0.005649952333469918,-0.36153245099892095,0.0021671664429578907
1776714589.3093286,-0.03910563975007009,0.013414906796916606,-0.36149640441235675,-3.79292018615196e-06
1776714589.3291597,-0.03882936509312452,0.013270977861451164,-0.3615263610210938,-0.0008273193788683741
1776714589.3494577,-0.03883219547419507,-0.014361639716300681,-0.36155434829401684,-0.0016931344779536062
1776714589.3690362,-0.03912196864091949,-0.01082837151760703,-0.3615475648662565,0.0025594783844276048
1776714589.3892486,-0.03923517998148633,0.000596857398528633,-0.3614775977674872,0.005115256374560229
1776714589.4093537,-0.03911152054178512,0.009396301718792147,-0.361436139396189,-0.001889603472176704
1776714589.429096,-0.0388800175149012,0.011491866403375017,-0.36151381836317953,-0.005992916639308232
1776714589.4492154,-0.03884655322310326,-0.009473185837523379,-0.36160357438999596,-0.0008223360903951704
1776714589.4692035,-0.03910913437898712,-0.014772493855149657,-0.36153886558140375,0.006863997020676305
1776714589.489494,-0.039261412350659414,0.002488155836795125,-0.3613888674298301,0.006920198464565042
1776714589.5094833,-0.03915354810202632,0.010452220776129117,-0.3613879257719483,-0.00543195672049146
1776714589.5290704,-0.03889295097509361,0.013203906974484439,-0.36155866354562355,-0.011209451817293381
1776714589.5491874,-0.03874565505937273,-0.000515242403782798,-0.36168085277796824,0.001610015623283001
1776714589.5690417,-0.038952088758172625,-0.01768318189032439,-0.36153192661648215,0.009954423353687014
1776714589.5895107,-0.039150591250963346,-0.00013800342363680385,-0.3613861911848849,0.0026042964723069773
1776714589.609072,-0.039068114805713164,0.01360388344116184,-0.3614348000452746,-0.010084083616486383
1776714589.629483,-0.03884534108266587,0.006104058840747509,-0.361608114516878,-0.006749039207035956
1776714589.6492896,-0.03873606001308325,0.002138847292019491,-0.36164102438248874,0.0057855653852321165
1776714589.6690469,-0.03883632959897332,-0.010602617061645406,-0.3614959855212432,0.006928526935968904
1776714589.6890407,-0.03900341968898404,-0.011796396216409905,-0.36141116952714447,0.003146202762876138
1776714589.709062,-0.039044551275876346,0.007974350078597994,-0.3614486453372936,-0.006228030441362442
1776714589.7293801,-0.038877497377685505,0.008185104765798631,-0.36157405405388043,-0.006306215760570666
1776714589.7490404,-0.03874827913962223,0.002878959163819403,-0.36160893939390437,0.003399196135402738
1776714589.7690728,-0.03874575320644502,-0.0030293598112867276,-0.3615372542786691,0.0037032141917863193
1776714589.789532,-0.03890836608711026,-0.015292235976840624,-0.3614665225340352,0.002862264467913267
1776714589.809346,-0.03905407924928493,0.00010283918868517206,-0.36152005265843806,-0.005127561792594548
1776714589.82905,-0.03896466497785431,0.011754747410177957,-0.3616217743374043,-0.006362891349685373
1776714589.8490448,-0.03886578643119042,-0.0042573520142200755,-0.3616889978902798,0.002203909840247764
1776714589.8690403,-0.038900919147931395,3.5474576860067275e-06,-0.36159304421331756,0.005079235295779583
1776714589.8890455,-0.03900914758417786,-0.009150787519788678,-0.36151226173065665,0.002546959783725322
1776714589.9091296,-0.03913429818438255,-0.008301810038561813,-0.3615076808736386,-0.003046387049964183
1776714589.9290435,-0.03912491439194132,0.009913982854237488,-0.3615608054355821,-0.00242474910608248
1776714589.9490488,-0.038970828227293836,0.0037715544432424947,-0.36156778585448107,0.0012071103430115748
1776714589.9690492,-0.03889382954609569,0.0021580339614212934,-0.36160069531953865,-0.0035224368629591662
1776714589.989244,-0.0389208184993937,-0.0009979569687503659,-0.36162726533518885,-0.0005682137672868848
1776714590.0091295,-0.03905057759581633,-0.010521355513801359,-0.3615825708342787,0.005506736376644117
1776714590.0291255,-0.03912627353526793,0.0033395527420317928,-0.36148827474822764,0.0027737939544834056
1776714590.0491238,-0.03899947396839403,0.008594812917972205,-0.36148063964041466,-0.002854670152933725
1776714590.0690393,-0.038879520647688,0.0014824522278721747,-0.36163185295664213,-0.009192199053271066
1776714590.089196,-0.038891378089062296,-0.0014948788415367897,-0.36169298745794465,5.514314359134076e-06
1776714590.109217,-0.039068091044194925,-0.012840882274714027,-0.3615590809182506,0.013508264866906705
1776714590.1290715,-0.03915777694314888,0.0032824235989474815,-0.3613871942405887,0.0014639144188590691
1776714590.149134,-0.03897339456934899,0.01544391946646631,-0.3615017490686193,-0.011441134501192218
1776714590.1690485,-0.03886571786345826,-0.00723270495688863,-0.3617357845623923,-0.009018149651716767
1776714590.1890736,-0.03898527313232404,-0.004631221761043552,-0.36174003622435624,0.006855049904189947
1776714590.209128,-0.03907996935820929,-0.002247296799323048,-0.3615228810727098,0.017105091055970467
1776714590.2291288,-0.03913885886847397,-0.003988887384151901,-0.36135718625650737,-0.0012329508735555716
1776714590.249064,-0.03905432955056383,0.011586706504591399,-0.36153841252317287,-0.01565748711224657
1776714590.269037,-0.03894934104609776,-0.0009314225356662348,-0.3617513047777055,-0.0024421060240629178
1776714590.2890112,-0.03897262482842383,-0.007099211275656339,-0.3617452702563402,0.0037930143778828196
1776714590.3091264,-0.0389832406554117,0.006816237216023133,-0.36157951374220465,0.009439800311132451
1776714590.329124,-0.03897865567249246,-0.005902603879710838,-0.36150827492088927,-0.0003267242800739645
1776714590.3490362,-0.039075907392339605,-0.0037887794537285746,-0.3615909401166402,-0.00867789226725546
1776714590.3690379,-0.03904571214618094,0.00739198545498676,-0.36172503524085864,-0.0018752565440887103
1776714590.3890417,-0.038971855475504566,-0.002854380978293672,-0.3617005425326392,0.0030365994327674617
1776714590.4091215,-0.03894006002752436,0.0026369122989529786,-0.36163439131748687,0.005024023291625657
1776714590.4290946,-0.038990959851710805,-0.004663528294245545,-0.36152157340932783,0.004043565670806659
1776714590.4494252,-0.03914241309686439,-0.009636373691690014,-0.3615346880492375,-0.004330610361331644
1776714590.469051,-0.03910647255455885,0.013946449502079336,-0.36162361657351116,-0.005256291948447345
1776714590.4890075,-0.03892741791258562,0.010200679883764316,-0.3617062134733809,-0.0019202641091200512
1776714590.5090387,-0.038849247446905426,-0.00477432001671009,-0.36168701827123295,0.002621023813678569
1776714590.529134,-0.038978066832004984,-0.005241773185262047,-0.3615898303665743,0.0060721661067040245
1776714590.5491326,-0.03916733403965309,-0.011296391791753332,-0.36153859124207444,-0.0018857699320424803
1776714590.5690508,-0.039180047720276084,0.008478347742186532,-0.36159355954302197,-0.00392066737349106
1776714590.5891423,-0.03895939975518666,0.01916910393881982,-0.36169591549582825,-0.005857046069003724
1776714590.6090434,-0.038794130177825945,-0.003901638023942472,-0.36176488288771497,-0.0024319033661730494
1776714590.6291318,-0.03897850587696923,-0.013393774764484737,-0.36170773429271375,0.00795511921259573
1776714590.649248,-0.03921491352697373,-0.006019099551650073,-0.36160374401048,0.0017869097348812701
1776714590.6696365,-0.03916072681606707,0.00872821664978135,-0.36168167918225447,-0.006972616343288163
1776714590.6894085,-0.038907727003262914,0.014383222579854943,-0.36176761705477656,-0.0007087077217629023
1776714590.709163,-0.03881502189436567,-0.003361829413284334,-0.361760741533873,0.0022725760809712003
1776714590.729287,-0.0390052590120296,-0.012371344917084151,-0.36171945366272973,0.0015232179021165138
1776714590.7492812,-0.039167891194488755,-0.0022764776009837062,-0.3616478957106417,0.004940637182883734
1776714590.7689865,-0.03918843125078675,0.001675628819844635,-0.36160378981941654,-0.00012120808085969159
1776714590.7890897,-0.03905922518764049,0.010057253988577097,-0.3616406566690813,-0.004744826060774754
1776714590.8091986,-0.038884347738998695,0.007404314988304281,-0.361665824055608,0.004009744051067354
1776714590.8290353,-0.03891391952032006,-0.011644476772981485,-0.36162850282044606,0.0013860038587811818
1776714590.849329,-0.03914346000916871,-0.00838173802179451,-0.36163161779222186,-0.0025028649221787713
1776714590.8690426,-0.039243156913643155,0.00024413365179321023,-0.36162209486893604,0.004150246895217702
1776714590.8893762,-0.03913116518198788,0.010995313502125181,-0.36157016558247296,0.00252084740374503
1776714590.909442,-0.038859225612906306,0.014018585704082945,-0.3615360074416736,-0.0001552890009164365
1776714590.9290485,-0.038826232463046846,-0.010485051065441828,-0.3615450988360974,-0.00038990072224165395
1776714590.9490478,-0.03913152147185868,-0.01692356988665221,-0.3615509165395156,-0.0005958038250066799
1776714590.9690428,-0.039301809203100224,0.0022790446582936635,-0.36151227817538856,0.0035479198700170134
1776714590.9892046,-0.0391215124541163,0.013112328349753469,-0.36141503345385156,0.004472197609132644
1776714591.0091436,-0.03889244401106812,0.011867554686961337,-0.36144688719370166,-0.006347338707641148
1776714591.0291297,-0.03881043491198721,-0.004470213558001937,-0.3616433577947625,-0.011090423403899985
1776714591.049068,-0.03905620692952329,-0.016901352628027097,-0.3617029746737754,0.006167949185815758
1776714591.0690427,-0.03921917733557243,0.0015385957334576733,-0.36153976755547634,0.008497160592241482
1776714591.0890381,-0.03911629584618062,0.013748244881846533,-0.3614295040655693,0.0018487886880251825
1776714591.1091318,-0.0388753458329177,0.007179014005211565,-0.3614845074387808,-0.006747224678959718
1776714591.1290612,-0.03881425745647343,-0.0010420060307180096,-0.3616459436703282,-0.00846863084901095
1776714591.1490529,-0.038959547972535424,-0.011503519805007509,-0.36163159071879303,0.00919658326026851
1776714591.1691275,-0.03912833249006584,-0.0100690293492018,-0.36145355877075197,0.01299594161576989
1776714591.1891072,-0.03911392255903917,0.010518810857642433,-0.36135891156242117,-0.003776176453294422
1776714591.2092774,-0.0388947531915808,0.009953626843198823,-0.36147571137144907,-0.00676407395198253
1776714591.2291613,-0.038841987776960726,-0.005882745533251299,-0.361518565528566,0.002810949425069431
1776714591.2491498,-0.03906135302615422,-0.012963034499220025,-0.36139477495209843,0.0066503844572611825
1776714591.26905,-0.039318677150255846,-0.01057929554831838,-0.3613204303045209,0.0004193338535536384
1776714591.2893395,-0.03934580124875317,0.006029699979278505,-0.3614455551764652,-0.01332013732301962
1776714591.3091438,-0.03910908791585163,0.016439576550080243,-0.3617179010771263,-0.011689428332313456
1776714591.3291397,-0.03884653663495196,0.005885512095335249,-0.361813024255898,0.003762576137394502
1776714591.3490424,-0.03885557345027832,-0.006425137566448691,-0.3617019137769738,0.005117279351180004
1776714591.3690426,-0.03903812067565633,-0.010821188736764326,-0.3616433571148521,0.0014890624371672878
1776714591.389246,-0.03918800550458,-0.005823847793036185,-0.36163942786977005,-0.0005373481609727282
1776714591.4090447,-0.03915162685285633,0.008552523747048943,-0.36163855937665806,0.0008104677567102314
1776714591.4293642,-0.0389288749713619,0.012035794794530374,-0.3616109465870466,0.0012720847338902885
1776714591.4490504,-0.03876265175575069,0.0017613196264851805,-0.3616632070592862,-0.005386271152803657
1776714591.4690182,-0.038884815747370204,-0.012006215412612833,-0.3617014888212267,0.0016288045494774472
1776714591.4896123,-0.03908597170988992,-0.012063166737352526,-0.36160445629118193,0.011546947557756981
1776714591.5091496,-0.03914476545396229,0.006905946532516305,-0.3614638442564103,0.0012855914657852185
1776714591.5291252,-0.03894659938760628,0.010990185320676235,-0.3615234763852403,-0.007365642861884236
1776714591.5494509,-0.03883226412650683,-0.0007973917455661172,-0.3616436599002789,-0.003025673807682372
1776714591.5690367,-0.03896506460443723,-0.009297490244607326,-0.36165012763704596,0.0007256959116268558
1776714591.5895624,-0.03906330844600908,-0.004261956287209656,-0.3616017062139668,0.005151588013488251
1776714591.6091223,-0.03908054113934434,0.003482249976413193,-0.36150322441678107,0.004250820552109236
1776714591.6292028,-0.038982317113278944,0.0033130905632759444,-0.36148579510476986,-0.0035370763925584026
1776714591.649047,-0.03886717102240661,0.0065619146569666775,-0.36161588729380933,-0.00802413098919863
1776714591.6690369,-0.038797947951734024,8.781423371702346e-05,-0.36174386070134856,-0.003616722965881225
1776714591.6894941,-0.03888861713441273,-0.009355820330944564,-0.36172452404383715,0.005457121768996931
1776714591.7091677,-0.039060469780275796,-0.005822271704645193,-0.3615706638298081,0.007705955542699927
1776714591.729415,-0.03901215289962018,0.009555575157800394,-0.3615436160152961,-0.0051351952765528175
1776714591.7490437,-0.038824623148825024,0.00660189363152433,-0.3616960836818427,-0.009069166610054191
1776714591.7690406,-0.0387883203537054,-0.004355297552109158,-0.3617912343256867,0.001207638164290259
1776714591.789237,-0.038944086762401825,-0.011636766622442646,-0.3616964468335655,0.009841466161214951
1776714591.8092937,-0.0391222439610979,-0.005632115449689265,-0.36152713824480015,0.005761763982878643
1776714591.8293107,-0.0391186427374102,0.0076602980200315,-0.3615412163347793,-0.008136640853172228
1776714591.8490448,-0.038946007786003,0.006611137041185933,-0.36173127335034955,-0.0082450510797063
1776714591.8690574,-0.038875037462200154,-0.0005173880343252585,-0.3617762573433404,0.004437720971871784
1776714591.8895009,-0.03895648972076633,-0.008455849626876427,-0.3616788228174631,0.008594558949407638
1776714591.9094868,-0.03917022197940417,-0.010541481857884755,-0.36153757703278955,0.002804071761777216
1776714591.9290664,-0.03919288366692533,0.006647570935395031,-0.3615763365420561,-0.005760547079843414
1776714591.949056,-0.0390124766083158,0.009962291254274586,-0.3617049885639014,-0.006559613888875715
1776714591.9690597,-0.03892146395097096,-0.0024433814682458116,-0.3617654819303537,0.002227069138513116
1776714591.98915,-0.0390223890853786,-0.005282339634678779,-0.36165994031645166,0.006919850300616259
1776714592.0091975,-0.039150806432364835,-0.008836428072687808,-0.3615735367353268,0.00379755927244263
1776714592.0290473,-0.03919001221914768,0.003002853432603786,-0.3615581154511306,-0.0017448161863300449
1776714592.049043,-0.03908682487670315,0.00820865279974703,-0.36161904060913164,-0.002610134282472032
1776714592.0690424,-0.038991744104547366,-0.0013359523128790296,-0.36167820138447965,-0.0020258384136915275
1776714592.088986,-0.03900275112260279,0.0014081493176017201,-0.36165649000338884,0.0037926527866336546
1776714592.1091888,-0.03903525879228435,-0.003477908363684362,-0.3615761428707015,0.005440620195082735
1776714592.1290526,-0.03913664102358511,-0.005114216168785338,-0.3615146781247717,-0.0005327913212933577
1776714592.149105,-0.0391547340780151,0.004558696921403649,-0.3615173631120919,-0.0008992579372915088
1776714592.169041,-0.03906829883554461,0.0031885214219237873,-0.3615793213146984,-0.0028409504915005712
1776714592.1890671,-0.03896409042620923,0.0039891428387744815,-0.3616286443254023,-0.0014510870203532367
1776714592.2091253,-0.03890355383255524,0.0028843963265930833,-0.3614838685334811,0.013145942171148395
1776714592.2295582,-0.03904045021404699,-0.01343014273148882,-0.36135968365417487,0.0005157932302686241
1776714592.249535,-0.03920648330245825,-0.0020227816787667385,-0.3614796889460423,-0.014117720799400324
1776714592.269051,-0.039098331599923514,0.013571961400655544,-0.36167495717595016,0.0007078499179113962
1776714592.2893462,-0.038919662784766815,0.0062047381706329535,-0.3616219938248876,0.004281804045395798
1776714592.3095493,-0.03883495623200644,7.50615317759995e-06,-0.3615104877148573,0.005151141783347191
1776714592.3293514,-0.03903312849906858,-0.01553666581548549,-0.3615135524359935,-0.004590957989172972
1776714592.3490434,-0.039243945470852123,-0.006155724074529967,-0.3616262989804524,-0.005477467641715972
1776714592.3690422,-0.039137412618013165,0.01739918225709222,-0.3615868578866969,0.008334824321351908
1776714592.389407,-0.038928357088672406,0.008618877659350724,-0.36149194539277596,0.004554247219916929
1776714592.4094985,-0.03880943623960165,0.0008039999066679904,-0.36156235677751897,-0.010758440623569232
1776714592.429203,-0.03892895719399362,-0.009029934464480263,-0.3617171937318471,-0.002319455290974437
1776714592.4490395,-0.03919193845804843,-0.013611798063225614,-0.36165001066941715,0.009020138547169099
1776714592.4690342,-0.039135719177506356,0.019062154533499867,-0.3614773563519087,0.0053085277482063375
1776714592.4896166,-0.0388027792998982,0.01203959749832166,-0.36151170581054837,-0.0073426050724203495
1776714592.509461,-0.03875640586361222,-0.009682430628343688,-0.36164065207930435,-0.009466937097494688
1776714592.5295208,-0.03897504220577544,-0.009359186369423012,-0.3616998168828741,0.00423657459783211
1776714592.5493119,-0.03918042832595965,-0.00779015456831586,-0.36157579023052333,0.006890738507123073
1776714592.5690167,-0.03914620140221937,0.008825630596731845,-0.3614608382984723,0.0029165370942048074
1776714592.5892959,-0.038947832444034644,0.017477615950726638,-0.3614519193340372,-0.00158088436054582
1776714592.6095593,-0.038815331821801594,-0.005048195519786053,-0.3615631148988351,-0.00877508013206385
1776714592.6290672,-0.03891073576232256,-0.005220891228906607,-0.3616432278010321,0.002658995281272558
1776714592.6490655,-0.03905277111433534,-0.004885212253370422,-0.3614716116027226,0.013443262226049635
1776714592.669041,-0.03908335081190878,-0.00043650161124150766,-0.36137135413719723,-0.0035393495501130356
1776714592.689171,-0.03893795130792998,0.0181290138209068,-0.3614420709620607,-0.008394058399398885
1776714592.7092953,-0.03868979067485434,0.005156501896914592,-0.36161685307485103,-0.006443529133121739
1776714592.7294817,-0.038763949716064866,-0.012391814638150242,-0.361674486023407,-0.00018580163492076807
1776714592.7494915,-0.038950856124737046,-0.0040603980584302535,-0.36155978470255457,0.011236919646974375
1776714592.7694495,-0.03903729197305611,-0.0032632951283435435,-0.36142971621699427,-6.053404746486635e-05
1776714592.7892995,-0.038990273492661764,0.006239305090180169,-0.3615082581859992,-0.00884077527210203
1776714592.8093915,-0.0387705877595541,0.014380801738890087,-0.3616363140247727,-0.0022450758914793756
1776714592.8293881,-0.03869415029544091,-0.007206278684295506,-0.36162044274386906,0.0034304489999912313
1776714592.8490348,-0.03889478925830704,-0.012756902174094337,-0.3615469742177069,0.0022673381579148
1776714592.8690777,-0.03917773265660533,-0.009153668190606992,-0.3615063200480123,0.0012205475430799861
1776714592.8892913,-0.03911783553722335,0.010464150796047497,-0.3615378646633114,-0.0023661385036177762
1776714592.9092698,-0.038834977423652564,0.024002276409837875,-0.36155232069933174,-0.00021369971486451256
1776714592.929072,-0.03865769505653336,-0.00905013389450711,-0.36156710661245794,0.0005685900598924043
1776714592.9490402,-0.03900953865433246,-0.023092955534670084,-0.361572863534119,-0.0023747972166006104
1776714592.9690385,-0.039260177621903564,0.0024198735150259,-0.361533118047068,0.004926842056423464
1776714592.9890895,-0.03911342929114878,0.010760849139578824,-0.3614787388513193,0.0010707296387173493
1776714593.0090861,-0.038878075611395294,0.0134564727850717,-0.36145475643077996,-0.0006746718785612948
1776714593.0291276,-0.038753317217784404,5.2928459735812616e-05,-0.3615412231987314,-0.004479329177608182
1776714593.0491288,-0.03892273103901375,-0.01629363671829348,-0.3616465983201038,-0.00537041953101669
1776714593.0690403,-0.03912450878294335,-0.0008574803746869142,-0.3616199893431784,0.008494927065800795
1776714593.0892994,-0.03907606820151448,0.006254751636622993,-0.3615034812844601,0.006186049677419314
1776714593.1090367,-0.03894366420662843,0.005603782651264641,-0.36146985184803415,-0.0032937814244595742
1776714593.129043,-0.0388235124754894,0.004842973972073131,-0.3615755911793639,-0.0038053517418576988
1776714593.1490386,-0.03888777389362983,-0.007948817017814941,-0.36159932174081344,0.0004998017137027855
1776714593.1690414,-0.03906880118512579,-0.008110183702655469,-0.3615674557219267,0.003934005676690999
1776714593.1895165,-0.03910604234021388,0.005063821529014356,-0.3614749634521759,0.0038886735405883055
1776714593.2090468,-0.03898836124987702,0.005669643743486871,-0.361485155823534,-0.0035946160982380793
1776714593.2294228,-0.03883299268749093,0.006629795131563143,-0.36160727932519976,-0.009673600790570447
1776714593.249282,-0.038755928555643734,0.0007655683372336103,-0.3616930198335846,0.0024136453069565356
1776714593.2690413,-0.038955839223652255,-0.018092195513912557,-0.3615771826527715,0.007286243974145901
1776714593.2891579,-0.0391775184946731,-0.003425332266418127,-0.3614849039922597,0.0011196649202620534
1776714593.3090377,-0.0391227101759591,0.012023623925550037,-0.36151847336139664,-0.004551158422733348
1776714593.3290353,-0.03887780325170509,0.008122084518934203,-0.36161653529322657,-0.0035819477445873105
1776714593.3490396,-0.03879099183779433,-0.0009338949553694686,-0.3616456198088697,0.0024765308777272566
1776714593.3690367,-0.0389499564489727,-0.0123298698747846,-0.3615881460494412,0.003084486265500397
1776714593.3890114,-0.039116080559506675,-0.003458462750124,-0.36157074123992256,-0.0010941420982295558
1776714593.40905,-0.039082916249154,0.008832568024303641,-0.361603205663258,-0.0031136015154848984
1776714593.429126,-0.03892761305890928,0.0050035989802244135,-0.3616471966972058,0.0001340410490502375
1776714593.449098,-0.03883368001940574,0.0025085975625108864,-0.3616148439600514,0.002946934737224849
1776714593.4691544,-0.03885254640897258,-0.0028979492475848245,-0.3615597915516289,0.004881535035013096
1776714593.4890409,-0.03901367395615325,-0.011764161921360455,-0.3615094090621318,0.0002797509503444928
1776714593.5090382,-0.039106676000474364,0.002864548399593575,-0.3615456525003996,-0.003568477122917857
1776714593.5291276,-0.039015398401849685,0.00625604398950462,-0.36154891247394727,0.002555219403481912
1776714593.549061,-0.03892876643650456,0.000788818097923305,-0.3615105651557581,0.0011874388452459694
1776714593.56905,-0.038870352862545206,0.004723359473360542,-0.3615493730738973,-0.00440770941206714
1776714593.5892327,-0.03891201487687327,-0.006768461877166454,-0.36157548889464075,0.0003318981473514615
1776714593.6090345,-0.039063946022284864,-0.008498998876327685,-0.3615873308063659,0.00017446819829469717
1776714593.6290412,-0.03910914084528112,0.006426501297870563,-0.3615727913597284,-0.00094157759290181
1776714593.6491268,-0.038984376045887566,0.004002980906712056,-0.3616105134814561,-0.0018457082894931531
1776714593.6692038,-0.038897179051735224,0.0035057003181656887,-0.3616567062461559,-0.0026834158846207323
1776714593.6890354,-0.0389231009090675,-0.004621836421642364,-0.36167768699092334,0.0006647220984938862
1776714593.709034,-0.03914976692046193,-0.013937403767935758,-0.361648237232487,0.001123929376032784
1776714593.7291722,-0.039186308159355046,0.009163018554488436,-0.3616288706545354,0.0006313684446865864
1776714593.7490838,-0.03896194128574185,0.012106439096326,-0.3615836063831259,0.0021271338738337864
1776714593.7691028,-0.03882784141879095,0.0001367698749560331,-0.36157142114239604,0.0005201050633927284
1776714593.7890515,-0.03884226802897421,-0.0008975583587563507,-0.36158886093562215,-0.0015803616566649747
1776714593.8090434,-0.039010715295632895,-0.013227262335784001,-0.36159851886436256,0.0015172612022638088
1776714593.8291314,-0.039213326481205624,-0.005230157116781375,-0.36153689636594644,0.0035686800708354394
1776714593.8491247,-0.039093865564649735,0.01597788659698232,-0.36147185045551106,0.003946196739825103
1776714593.8690405,-0.03883323925079599,0.006118369070553381,-0.3614470567697854,-0.001462903763615797
1776714593.8892877,-0.03879907082835113,-0.004203150949321749,-0.36153587818711913,-0.0064974255156433625
1776714593.9090374,-0.03898306322736646,-0.014585016942522316,-0.3615869242719902,-0.0015921302708805651
1776714593.9291303,-0.03926564823563316,-0.010750963096687896,-0.3615618358683823,0.0034159532178243968
1776714593.9491456,-0.039186238147874315,0.01863322984977417,-0.36149671508149184,0.0010473795736865021
1776714593.9690404,-0.03889437610148091,0.00949540719072725,-0.3615181245268362,-0.002491598784453819
1776714593.9891503,-0.038867194637817154,-0.007806328006303695,-0.36159496809356395,-0.00470964316863931
1776714594.0091057,-0.039017282160544994,-0.008232694497575924,-0.36165188649162716,-0.0008887504991117456
1776714594.0290444,-0.03923762426011918,-0.0110120980572775,-0.36160810750906547,0.004341423454288007
1776714594.0491276,-0.039225159533613226,0.009677314493693204,-0.36149891226353426,0.006199884814008794
1776714594.0690436,-0.03895640589372257,0.014524311326123834,-0.3614140638406868,0.0003761751931654622
1776714594.0890908,-0.038829797782542266,-0.002261087290088337,-0.3615029016190372,-0.009173210831154854
1776714594.1091254,-0.03894467029947672,-0.007219189809891793,-0.3616584124018239,-0.006080264105000177
1776714594.1291032,-0.039124624666771704,-0.004970837349195539,-0.3616238396867354,0.009572749950861548
1776714594.1490452,-0.03910883685549311,0.0059357147245442665,-0.36139369108266617,0.010712343975720184
1776714594.1689932,-0.038908836652694095,0.016838976308299156,-0.3612744010365325,0.0028742939749089036
1776714594.1894364,-0.03874723486513805,-0.0026572162414846556,-0.36139292524119093,-0.011976845784088974
1776714594.2094967,-0.03891421459802652,-0.014547717329817716,-0.36165284531410336,-0.011529224611977362
1776714594.2293398,-0.03912757098931913,-0.0031355717725163185,-0.3616744315250226,0.010413351427069006
1776714594.2495863,-0.03910776957741671,0.0047247917856528265,-0.36138542665013557,0.014215563317083735
1776714594.2690623,-0.038879272795250865,0.016332531205076925,-0.3612717656287835,-0.005086820291871241
1776714594.2890532,-0.03877808520157383,-0.006376417963662437,-0.3615293516300321,-0.016494805367043508
1776714594.3093019,-0.03897680037889758,-0.02041095231503391,-0.36169992174127863,-0.0044399569897410895
1776714594.3290424,-0.039205151891786444,-0.000656316384657199,-0.36157124920971895,0.016614396205776982
1776714594.3491333,-0.03913137158627543,0.006996332223258017,-0.36129085455312626,0.008532520519112241
1776714594.3691747,-0.038993806762167744,0.004108156383043987,-0.36131034099649506,-0.009664945704065842
1776714594.3890991,-0.03897301483635916,-0.00027158943959923465,-0.3615173464673421,-0.013107127825474851
1776714594.4090421,-0.03906894191880994,-0.007994501033711271,-0.3616810899133654,-0.0029986876472054558
1776714594.4290545,-0.03913580388882498,0.0013403398802123573,-0.3615683263723681,0.011094008573701242
1776714594.4490364,-0.0390901111767198,0.00355563718461889,-0.3613961413971419,0.0045316800015478
1776714594.4690516,-0.03908335249614239,-0.002064254163034171,-0.3614344083049936,-0.008675555940830026
1776714594.489048,-0.039070212943639805,0.0044083509253654285,-0.36165835876704305,-0.009145584240974447
1776714594.5090296,-0.03900355272057878,0.004366791642844356,-0.3617218628629557,-0.00034998074037106974
1776714594.52913,-0.03887845452851039,0.005851532777871843,-0.3616437707567155,0.008393323141757225
1776714594.5490482,-0.03890602529905525,-0.006552182312308488,-0.3614490395713591,0.007232268910043915
1776714594.5690403,-0.03914177108163132,-0.01487867127114588,-0.36141555352949895,-0.0025043407196383427
1776714594.5890899,-0.03913897542964791,0.014272691163921422,-0.3614662399780243,-0.0033478702952280948
1776714594.609508,-0.03890338501025052,0.016284691316970745,-0.3615047303473916,0.0012812750100632542
1776714594.62905,-0.0388103723387513,-0.009446601472239177,-0.3615096378109126,-0.00224039710825763
1776714594.6490426,-0.039027538126692476,-0.010489855013470523,-0.36149958082449424,0.0022714396481027244
1776714594.6690447,-0.03915209439651514,-0.00011428529258815379,-0.36144694573828673,0.002868060894547275
1776714594.6890724,-0.0390800090238933,0.007856272729947683,-0.3614672044992602,-0.00543365619764935
1776714594.7091322,-0.03885247739373633,0.012242109517094452,-0.36160278709111493,-0.006138294105778375
1776714594.7291312,-0.03881092957261839,-0.007348497759972927,-0.361664332552549,-8.340942710893806e-05
1776714594.7491264,-0.03901434801340169,-0.012477957373575599,-0.36160868509070854,0.005217289025530203
1776714594.7691147,-0.039123384817730436,0.0033464362081153526,-0.36148502433919405,0.005547619442455298
1776714594.7896144,-0.03904378318150217,0.004367863155658305,-0.3614823164889881,-0.003481604274939709
1776714594.8090365,-0.03892209894115445,0.008110174979753332,-0.3615568721633329,-0.006763054945161606
1776714594.8290427,-0.0388199887410937,0.0022355108702204612,-0.36165778721304853,-0.0018844103228956577
1776714594.8490946,-0.03892198457351471,-0.012026900555161119,-0.361612283783784,0.0044594283189272055
1776714594.8690386,-0.03908361944977858,-0.0034068010274694305,-0.3614703845060073,0.008061949227968768
1776714594.8891332,-0.03907530421296208,0.004404473317564855,-0.36142539425526915,-0.002850488015952335
1776714594.9091537,-0.03898569851575574,0.005774830312579207,-0.3615024780694668,-0.0069861492924290225
1776714594.9290378,-0.038844805650845166,0.006782923982380312,-0.3616001474816405,-0.0008498182939922216
1776714594.9490414,-0.03888230034283299,-0.00847078027836605,-0.36155554209641066,0.0032790588110545027
1776714594.9690351,-0.03906797593612708,-0.008649555249491361,-0.3614960168371949,0.0014268425572208088
1776714594.988984,-0.03911091103945768,0.005771997761034278,-0.36148148422977666,-0.00015005980259452656
1776714595.0091548,-0.03900286954010842,0.006490428054900257,-0.3615006307548011,-0.0006775009018351597
1776714595.0290463,-0.03888116994513894,0.00374517166234567,-0.3615281741041412,-0.002001349310992273
1776714595.0490396,-0.03890077197348336,-0.005782838986627292,-0.36158943776346764,-0.003780268839531864
1776714595.0690382,-0.0390810280822631,-0.010793511817786733,-0.3616195995543975,0.0012543449297477416
1776714595.0891526,-0.03913590205844506,0.0032518474501337657,-0.36155010925808684,0.007753262036753972
1776714595.1091495,-0.039049895366206115,0.00695125126106276,-0.36142635395560074,0.0027409968848337574
1776714595.129035,-0.03895545700547888,1.7285001785591336e-05,-0.36154211771625944,-0.012481923934902328
1776714595.1490378,-0.03893701162779197,0.002236712186373474,-0.3617317942964573,-0.005439368183784543
1776714595.169059,-0.03901906368262486,-0.009584256676256536,-0.36168476487092993,0.009682760451127814
1776714595.1891248,-0.03911364395757301,-0.0036424162242071345,-0.36152425683117306,0.007765306097104352
1776714595.2091777,-0.03907641865737574,0.008174621896616663,-0.3614809485657017,-0.003940889052674201
1776714595.2290475,-0.03903577000285828,-0.004046415245860843,-0.36161595309894284,-0.007666846691927187
1776714595.2491684,-0.039002730061053356,0.004998693388938671,-0.3616869459771626,0.0010578486509227325
1776714595.2690518,-0.038926911765571434,0.004354040845936935,-0.361610655028397,0.004839378651752213
1776714595.2891512,-0.03894920553445644,-0.009351403947051862,-0.3615552677420334,0.0008877904698687544
1776714595.3091545,-0.03909924608009031,-0.003720486492331476,-0.3615746729635685,-0.0020336840873393935
1776714595.3290503,-0.03914995154259909,0.00016020516984532884,-0.3616538286388192,-0.0033795226429023106
1776714595.349109,-0.03903821423785178,0.008172758406885916,-0.3616569696450341,0.0022353008637547855
1776714595.3690474,-0.03888144113033622,0.006922443805416886,-0.3616067966648553,0.003274138475248378
1776714595.3891485,-0.0389484830887458,-0.014219634142027704,-0.3615965605818158,-0.001934833823694193
1776714595.4092908,-0.03922627799597832,-0.011600476821591627,-0.3616485533387156,-0.001900211894455106
1776714595.42915,-0.03924603686926911,0.011720331723767616,-0.3616468500186544,0.0021867581169825456
1776714595.4491045,-0.03897028824119195,0.013293920607024473,-0.36157400628852454,0.003421688650548038
1776714595.4690387,-0.038744709146809754,0.007127655752081533,-0.36154907802934766,-0.00019835918359789595
1776714595.4891462,-0.03882138206736159,-0.013528762627465149,-0.36158834688546143,-0.0039129815197358475
1776714595.5091486,-0.03918917700122636,-0.01950244750102556,-0.36165679741343293,-0.0020166437837838558
1776714595.5290415,-0.039220308511732006,0.01662661701574332,-0.3615943161074415,0.006348752866210727
1776714595.5490367,-0.03889518745347828,0.013610977486668951,-0.3614594290284163,0.005132285412283721
1776714595.5690355,-0.03879957569964365,-0.007554247017660387,-0.3614995674797344,-0.008700369393481733
1776714595.5890784,-0.03899763186541408,-0.01208946143602739,-0.3616204467838915,-0.006787817471390234
1776714595.609041,-0.039277079034555004,-0.012138153602583482,-0.361645348724419,0.005303091469417209
1776714595.629213,-0.03921802992487419,0.015687452978167427,-0.36148485388628226,0.007728226520159476
1776714595.649059,-0.038934012277903024,0.011983640079918936,-0.36143285723425606,-0.003071992585332639
1776714595.669038,-0.03891158274494795,-0.01235751983290903,-0.3616234954047721,-0.01304629731601703
1776714595.6892204,-0.03906031430746221,-0.005661208885727492,-0.36174765727672625,-0.0019955779677418573
1776714595.709154,-0.03917798949669194,-0.0027638616296112584,-0.3615865645004006,0.015598527152745234
1776714595.7290413,-0.03912430361748728,0.006266708753884437,-0.3614199797792763,0.00018003594545645818
1776714595.749187,-0.03895378190059114,0.010475590338467497,-0.3615187415320512,-0.010234375504383664
1776714595.7690468,-0.03894139161587894,-0.00896897695987059,-0.361664279603733,-0.00032711141711105896
1776714595.7890449,-0.039006845390813026,0.001496384312637447,-0.3615897632886833,0.005836155677352739
1776714595.8090885,-0.03899743389977868,0.004068214729189931,-0.36149113438784997,0.0058087168858000915
1776714595.8290498,-0.0390123945893242,-0.00637964285678648,-0.3614508042886474,-0.0022825498649963194
1776714595.8490467,-0.03904464400309304,0.00411514763292424,-0.36155904227650215,-0.00646965380777953
1776714595.869045,-0.03902329269505696,-0.000398599582848172,-0.3616341596553935,-0.0003406630613014272
1776714595.8890233,-0.03897065691447428,0.0020638420410017955,-0.3616061505921814,0.003329546882682388
1776714595.9090538,-0.03892624422863464,0.005585730055086419,-0.3615183350675656,0.004204216012650086
1776714595.9291906,-0.03900728617077741,-0.012506940858332621,-0.3615073382695568,-0.0029481535959352545
1776714595.9490395,-0.03917438837084598,-0.0027128613312681488,-0.36162358873346134,-0.007824858527095024
1776714595.9690583,-0.039084430021799364,0.012374744844827715,-0.3616430416776034,0.006309543660789396
1776714595.9891467,-0.03889603259197784,0.0018101375031591566,-0.3615318869086414,0.005392976817845341
1776714596.0090451,-0.03889794195675949,-0.0019278480566136819,-0.3614793333248991,-0.0005015821774043694
1776714596.0291603,-0.039029629140219006,-0.00942645622802285,-0.36157637450855135,-0.006602024644589255
1776714596.0491567,-0.039184396217410315,-0.004185549788723264,-0.3616890781631892,-0.005107318456841314
1776714596.0690453,-0.03904297570588035,0.01595702151104364,-0.36161647219939297,0.011841104140871694
1776714596.089175,-0.038871321612439044,0.008570436904227305,-0.3614854313113765,0.004379101453173773
1776714596.1090436,-0.03884596248491397,-0.007251791338538538,-0.3615869011730303,-0.015487259200545944
1776714596.129043,-0.03897662743786027,-0.004425866426854955,-0.36182796867864614,-0.005658653841979389
1776714596.149038,-0.039145200533576834,-0.008894850916895847,-0.3617422218111329,0.013650174131009774
1776714596.1690667,-0.0390607979296653,0.015026973757237494,-0.36150832198527594,0.00914479984707417
1776714596.1890526,-0.038741058781979365,0.015709758327083406,-0.36153014206230416,-0.009309596404135423
1776714596.2090423,-0.038667353248616025,-0.008808159471531615,-0.3616910232233173,-0.009823411136828053
1776714596.2290523,-0.03891597279869968,-0.013106548646304325,-0.36168041911067583,0.010390138154152462
1776714596.249157,-0.039079573095473004,-0.0010158910095434959,-0.3614628510687251,0.009198813392963245
1776714596.2690392,-0.038948300935682786,0.012041387868659909,-0.36141389184007544,-0.005978309435062501
1776714596.289208,-0.03869723037006706,0.009664563381272473,-0.3615681084396771,-0.005647987327450421
1776714596.3090389,-0.038699473870415405,-0.009400338956236334,-0.36162968414692426,-0.00273012541820572
1776714596.3291488,-0.03890875809536286,-0.011115125759500424,-0.361626684364641,0.003411415316412203
1776714596.349034,-0.0390350048848247,0.0001619723849159288,-0.361530226886668,0.005556200918572118
1776714596.3690357,-0.03902487009310096,-0.00037837135637554253,-0.36148359583001505,-0.0010650435490839882
1776714596.389271,-0.03894255344738283,0.007775059376386909,-0.3615367463221697,-0.006007854739086049
1776714596.409035,-0.038870432985968636,0.0016704521010279666,-0.36165533669640376,-0.004791124072931474
1776714596.4291515,-0.03893170799671196,-0.007897473238579242,-0.3616809703641828,0.0031452704593806224
1776714596.449037,-0.03905277858667844,-0.002824470532479348,-0.3615261397912424,0.009571955450125458
1776714596.4690366,-0.03915990528970897,-0.006165352209068137,-0.36146147576276955,-0.00405074345794354
1776714596.4891036,-0.03914717698946567,0.0041807256884937305,-0.3615724795022005,-0.011873189076118118
1776714596.5090475,-0.038958253133212634,0.014842083628657562,-0.36174686623216584,-0.004363619574160982
1776714596.5290391,-0.03880802864479348,-0.0016372705886231187,-0.3617752936907206,0.002661663856324825
1776714596.5490477,-0.038907727530355485,-0.006897569101288095,-0.3616404553330421,0.009065560166763298
1776714596.5690377,-0.03905923129002805,-0.0055587101991163845,-0.3615403051111717,0.00025102464434834104
1776714596.5891914,-0.0390849991414903,0.0017964055069319973,-0.3615867827025543,-0.007495762548710427
1776714596.6090581,-0.038854676285635464,0.017950799917313687,-0.3616701302953334,0.0007663023529438373
1776714596.6291435,-0.038695737967955626,-0.0015603655930902932,-0.36162672600077767,0.0036380691732220694
1776714596.6491926,-0.03891042672579882,-0.019146482819986405,-0.3615958135913942,-0.0014963109815600006
1776714596.669052,-0.03916037046219459,-0.0022372570321971402,-0.3616080461059119,0.0015446720469609598
1776714596.6891,-0.039162843768527196,0.0038997843006589594,-0.36157495743667045,0.0025895949415857267
1776714596.7090445,-0.03891102220146652,0.01628832991379145,-0.3615843044622632,-0.002670819740322017
1776714596.72904,-0.03869392934343353,0.006039098442940247,-0.36170049756471634,-0.007239512122858338
1776714596.7490394,-0.03881569252427565,-0.018682668824609644,-0.36181127914787037,-0.0015908808857800771
1776714596.7690825,-0.0390849828573191,-0.0036913682599388903,-0.36170845983820055,0.00985495111703405
1776714596.789054,-0.03909371471058199,0.004811808384153002,-0.3615270039507105,0.01103379001730409
1776714596.8090518,-0.03894472396126971,0.006934837426548657,-0.3614534976099075,-0.005054745704002661
1776714596.82905,-0.03879457015721478,0.007657798246295686,-0.36162757704374426,-0.011150822528992466
1776714596.8490424,-0.03884670253965626,-0.011620204417926466,-0.3617857209596258,-0.0008391769230897683
1776714596.8690438,-0.03910313254838286,-0.012050114647076227,-0.36164324569461487,0.013467968060042468
1776714596.8890872,-0.03918867755325141,0.004239916003785149,-0.36139900167000516,0.01107667621477515
1776714596.9090464,-0.03911426135568472,0.0043686590719352325,-0.36133483986358933,-0.002604809204580283
1776714596.9290574,-0.03896630130000181,0.008034755258384346,-0.3614933737849734,-0.010770363048851594
1776714596.949153,-0.038907049873464106,-0.00144752852835639,-0.3616598247702181,-0.004849248676322082
1776714596.969037,-0.039123720438849,-0.018312368987013494,-0.3616287207303553,0.005937609673131616
1776714596.989026,-0.03931080115215052,-0.005508023374796667,-0.36151406118351137,0.008792757207572555
1776714597.009098,-0.039238151908939534,0.012611745977827785,-0.3613944342773881,0.0013270268531568874
1776714597.0290587,-0.038968655738400956,0.009870624840217807,-0.3614957034691785,-0.009264489555268707
1776714597.0490348,-0.03884796472257052,-0.00011551716308912108,-0.3616597140443395,-0.006061364999552676
1776714597.0690372,-0.0390861155499279,-0.019599190212128456,-0.3616968551400934,0.00365491562488085
1776714597.0890498,-0.039318892842912095,-0.010121979145395352,-0.36155518809597353,0.010960500560505126
1776714597.1090484,-0.03924919774096129,0.017205170590844324,-0.36135717563672093,0.006598695583577285
1776714597.129037,-0.038960191459841254,0.008362711158819522,-0.3614102387580211,-0.011822401028356522
1776714597.1490793,-0.03888027058177315,-0.0015019218701041587,-0.3616858134562011,-0.011366144138051926
1776714597.169049,-0.039023675794365595,-0.009536045572377486,-0.3617469476734937,0.006283350077025185
1776714597.1891801,-0.0392279711864235,-0.008010702888911106,-0.36155508339158554,0.01044777794706464
1776714597.2090387,-0.03918469149472268,0.010435290693600094,-0.3614313518993373,0.0030406647395884168
1776714597.2290406,-0.03900377066655508,0.0075036004937807654,-0.3614968184181361,-0.007587596446547051
1776714597.249055,-0.03891740690970552,-0.003011607536891628,-0.3616738490484813,-0.007260095100333652
1776714597.269039,-0.038949736422662265,0.0014660093426332038,-0.3617084277627969,0.005183109411455389
1776714597.2891946,-0.0390821000975618,-0.013259068073310232,-0.36154105390594155,0.01122316380189492
1776714597.3090432,-0.03917440083248549,-0.0020391497839991196,-0.361391060372398,0.00648856912832807
1776714597.3290374,-0.039067896449359554,0.013374656778123092,-0.36136118204921674,-0.004725368751770098
1776714597.3491008,-0.0389182622704926,-0.0006301613371074849,-0.36152117067664663,-0.010785140864956855
1776714597.369036,-0.03888180971490349,0.0031135534751697974,-0.36165377585230407,-0.0012143687744494702
1776714597.3890176,-0.03895752948170689,-0.006996716008780893,-0.36157684970421317,0.010750819836067071
1776714597.409065,-0.039157438487591456,-0.013073402821260821,-0.3613550551300484,0.009340263135415805
1776714597.429162,-0.03913031990970535,0.01629291176396154,-0.3613410392491542,-0.008323284694401911
1776714597.4491506,-0.038851483628795716,0.008426222299894315,-0.3616045257389783,-0.015807007736508893
1776714597.469036,-0.03883902751685654,-0.008951181249408496,-0.36177189054433756,0.0015939770238140305
1776714597.4891586,-0.03899435217476214,-0.0072010463281382275,-0.3616063646639881,0.016779597013598213
1776714597.5090647,-0.03916208072454752,-0.006656852720921938,-0.36132537050339786,0.009325051276311225
1776714597.5291533,-0.03912973704930049,0.008355458848195815,-0.36131533086522194,-0.009284962070121416
1776714597.5490382,-0.03899030655534743,0.006533196343919231,-0.3615644823084866,-0.010342338907846083
1776714597.569051,-0.03898415474073009,-0.006002451210048984,-0.3616836419291629,-0.0002126562114863617
1776714597.58905,-0.039032661260386015,0.0006784220306493699,-0.3615671338030483,0.013301639102869967
1776714597.6090508,-0.03903855311421317,-0.0009667839736944156,-0.3613200468840869,0.009714125043167154
1776714597.6291547,-0.03907457910513615,-0.0028685366880025764,-0.36126172339794654,-0.0053052711000745045
1776714597.6490438,-0.0390354180415628,0.00656099991266014,-0.3614479599848477,-0.010222568881054439
1776714597.6690614,-0.03897146876173949,0.00098293394932282,-0.3616288579276803,-0.007078776286854049
1776714597.6891723,-0.0389024051117295,0.0022788728024952243,-0.36164140355623503,0.005063357123740619
1776714597.709046,-0.03892350716710101,-0.003404833563362547,-0.361437317044579,0.011707950220970265
1776714597.7291503,-0.03909811860257373,-0.012700905160131365,-0.361365267224354,-0.005101671517671491
1776714597.74904,-0.03912719170420306,0.010447538298206771,-0.3615253854760805,-0.00928170902690173
1776714597.7690537,-0.038940122402171456,0.008395792489862802,-0.36166184053045025,-0.0015275290353726767
1776714597.7890534,-0.03878968737037205,0.0033290071689057316,-0.36168628330679337,-0.001411179850323796
1776714597.8090537,-0.03877543639086587,0.0016316241450837765,-0.3616065880607098,0.0037784773767477464
1776714597.8290608,-0.0388759450180694,-0.01137605187202756,-0.361689286358818,-0.009213465950385746
1776714597.8490427,-0.03901111167725865,-0.00044452875916980994,-0.36179409319931455,-0.00422312122535895
1776714597.869045,-0.038908017068094915,0.008505808632713621,-0.36181339170193366,0.007534841539952097
1776714597.8890502,-0.03882163226166026,-0.0013148548538690213,-0.36166463432419954,0.004033495811415211
1776714597.9090517,-0.03886904962809784,-0.005355564215196104,-0.36154830315888686,0.010341042032022463
1776714597.929057,-0.03909679348789676,-0.013565896812571324,-0.36143586688029394,-0.0004831008344676757
1776714597.9490457,-0.039261281326291836,-0.002981052753419436,-0.3615324347771027,-0.008939919392485063
1776714597.9690435,-0.03906794223039273,0.02084526039139868,-0.36164392393311895,-0.0009497740802582033
1776714597.9890242,-0.03879318054634573,0.0029771774408668544,-0.3616064252807622,0.003888123189476733
1776714598.0091124,-0.03883993693120336,-0.011393309446157934,-0.361514671693105,0.005413945472054982
1776714598.029157,-0.039094867502522807,-0.010277933340988851,-0.361473318057564,-0.0007286235632724125
1776714598.0490458,-0.03922634386045215,-0.0011179562395727122,-0.3615489321511107,-0.005974711888828477
1776714598.0690389,-0.03903799117898567,0.018089268666560437,-0.36160260137440864,0.0014239873431516337
1776714598.0892458,-0.03878547413030195,0.0047963828395180125,-0.3615524278509661,0.002142873286580693
1776714598.1091568,-0.03885230944058746,-0.015108685390202048,-0.3615414963778888,-0.0024822221007134715
1776714598.129153,-0.039134279904473435,-0.00988065565376961,-0.3615291663486573,0.0022957271494410403
1776714598.149074,-0.039256514816376764,0.0008790744321501565,-0.36152525652183043,-0.0002329151363575921
1776714598.1690784,-0.03906944690733534,0.014402702461024167,-0.3615782269351649,-0.004891641667853053
1776714598.1890697,-0.03882048047613876,0.007928763981540854,-0.36163457266335514,0.00044246540930537037
1776714598.2090886,-0.03886280155228286,-0.01429295780635359,-0.36160939032712014,0.001566177600377694
1776714598.22905,-0.039115202581144475,-0.008744770530964119,-0.3615328277373541,0.0038239808222271243
1776714598.2490396,-0.039160032504972554,0.0064050235011030715,-0.36149941806277325,0.0008263223108746498
1776714598.2690434,-0.03902278158290981,0.0038173851330450953,-0.36158500936827864,-0.007322470989976848
1776714598.2891085,-0.03893719967169742,0.0044766478621850875,-0.3616714640597356,-0.003047238597471802
1776714598.3092632,-0.03898423283908287,-0.007643378984594454,-0.361657214086504,0.003722949704486167
1776714598.329051,-0.03909146790213949,-0.003211502884067602,-0.3615509732111828,0.004736241850439971
1776714598.3491473,-0.039042475956138634,0.008639094563262464,-0.3614762949118112,0.0024915558623890277
1776714598.3690424,-0.038999030048929545,-0.005308104733570115,-0.3615294570261987,-0.00656691445327362
1776714598.3891037,-0.03904933494216306,-0.0021787446042091374,-0.3616320270272418,-0.006369958685594979
1776714598.4090548,-0.039041517973702144,0.005149585617389346,-0.36165876079686016,0.0030190139714081354
1776714598.4291449,-0.0389818453791689,-0.00132555691971116,-0.3615620118214393,0.004876874681053245
1776714598.4491174,-0.03899279333960668,-0.0015419696404818384,-0.36148570169447336,0.001371089293322303
1776714598.4690347,-0.03912168458049585,-0.008685724939223705,-0.3615302496034173,-0.00574787922263309
1776714598.489047,-0.039190314154495864,-0.0017560428993750737,-0.36165204759081765,-0.008152691132510492
1776714598.509103,-0.039087224171331265,0.011918899488855758,-0.36166118890627996,0.006459718407618498
1776714598.5290742,-0.03898521840026267,-0.003582165166885809,-0.3615149894902142,0.009176569397103984
1776714598.5490434,-0.039105532116641056,-0.008099897259294525,-0.361389408398768,0.0006940851714369867
1776714598.5690503,-0.03922709331140177,-0.0018141209627644955,-0.36144953609323677,-0.004812769565768926
1776714598.5890236,-0.03922572646683277,0.00121219883224713,-0.3615702208933615,-0.006389457034279289
1776714598.6094258,-0.03913806414997747,0.008335945899569888,-0.36158629129668524,0.00387311228300935
1776714598.6293838,-0.03901141625493603,0.0037204542129030266,-0.36141585582462443,0.011097618372759799
1776714598.6493707,-0.03905475911463397,-0.008238914579479395,-0.36132136378687973,-0.0020763017587404065
1776714598.66945,-0.039195004695223246,-0.004733017064997486,-0.36145122516549977,-0.01035673593273767
1776714598.6893191,-0.03924223554414526,-0.0006721635749037252,-0.36161115455758563,-0.007107852589442132
1776714598.7091672,-0.039145453242270985,0.007787576351456604,-0.3616255806099929,0.0048102011761477215
1776714598.7295194,-0.03899373552237656,0.006484628794829486,-0.36145569090366336,0.010152071457658396
1776714598.7493057,-0.03903233235705943,-0.009611792845272929,-0.36138558933278875,-0.003531768229273924
1776714598.7690454,-0.039224446727065765,-0.006567343320097632,-0.3615064818205123,-0.007796985256637745
1776714598.7891476,-0.039280293132857566,0.0013735688595468143,-0.36159117452640577,-0.0011358010829374265
1776714598.8094294,-0.039199719696309615,0.005549885223098447,-0.3615823466182068,0.0023334112565402965
1776714598.8290777,-0.0390596317134438,0.006779232274701827,-0.3614521711430701,0.007092366511705306
1776714598.84905,-0.039052774015553474,-0.0057254069771564275,-0.36139811866092086,-0.0019518441544317255
1776714598.869007,-0.03916899654818681,-0.005744854862154383,-0.36150434587816016,-0.008968443804832305
1776714598.8892925,-0.039208806056340244,0.003551908686089844,-0.36161702727559253,-0.002468488403833291
1776714598.9091568,-0.0391297476468817,0.0033050315664546054,-0.36158619799408254,0.004705152529920431
1776714598.9295428,-0.0390325889544996,0.005512265182050266,-0.36149962766494825,0.0034333688371237514
1776714598.949045,-0.038938658279315246,0.0034167868607082597,-0.3615268373228716,-0.006645403255209681
1776714598.9693735,-0.038954958244443935,-0.005448114329923204,-0.361699366015133,-0.007986614468008302
1776714598.9893837,-0.03903054007464559,-0.003363566714158786,-0.36172222749054617,0.003594918665270619
1776714599.009438,-0.03907611265133477,-0.00035310571112665,-0.3616137193588739,0.007112324381793433
1776714599.0298607,-0.03902267008894032,0.0048336898405993145,-0.36156629303368226,-0.0026557701403220335
1776714599.0491369,-0.038890377926738245,0.007218073345375928,-0.36161560119102354,-0.0006624010274920433
1776714599.069046,-0.03889395784937663,-0.007748447113130719,-0.3615717841592688,0.003829663200190847
1776714599.089027,-0.039003070877623267,-0.007572115263648954,-0.36155141874258573,-0.0007273125358757682
1776714599.1091588,-0.039063189996259996,0.002629813316453636,-0.3616677645210106,-0.008682924372616307
1776714599.1295664,-0.0390114742052991,0.0015682213541574064,-0.36174545858038354,0.0021665640228938354
1776714599.149073,-0.03895086478125843,0.0034052785202507985,-0.3615874436377644,0.012260489605934843
1776714599.1694102,-0.038916158705438436,0.00023404438459535826,-0.36144343220869857,0.00030732109715070344
1776714599.1893342,-0.03894975152864754,-0.005739957482478145,-0.3615085247978909,-0.008290155242965058
1776714599.2096124,-0.039040991517607954,-0.002440804640012284,-0.36165722659154326,-0.004393354143958694
1776714599.229441,-0.03907193098428435,0.0003928815528520535,-0.36162201908584246,0.007027529198713411
1776714599.2494256,-0.03900617144720765,0.005217935778511512,-0.3614700613991505,0.006474199521759427
1776714599.2691026,-0.038890569555632755,0.008570952046243516,-0.361460507830463,-0.004057230644546328
1776714599.289091,-0.038856706292521914,-0.003965267416728591,-0.36155558974545055,-0.004926899411614283
1776714599.309347,-0.03901683679689258,-0.010763424881667039,-0.3616049348576086,0.000619896873585768
1776714599.3290782,-0.039128305110245,0.0015869457817308114,-0.3615884501089743,0.0002927162013111051
1776714599.349115,-0.0390062514945128,0.009121073184464187,-0.3615137160739139,0.005753646588045003
1776714599.3690324,-0.03881364369978876,0.007338481500668292,-0.36142397219263456,0.003302716187163046
1776714599.3893638,-0.03879944229519931,-0.004510144306061281,-0.36144187588936433,-0.005688774361009008
1776714599.4092445,-0.03901046334580798,-0.014095742385003412,-0.3615789983212321,-0.0067435675222677904
1776714599.429047,-0.03918379902517314,-0.0005884199556921849,-0.3615857535202821,0.005440101386699592
1776714599.4490368,-0.03905483586356457,0.011194026416710662,-0.36140203055712894,0.010976523847968878
1776714599.469037,-0.03882885450855703,0.009039389638815995,-0.3612896496487167,-0.001625739595913167
1776714599.489211,-0.03879083230809456,-0.006868878738967091,-0.36146180466720224,-0.013393718720581704
